-- phpMyAdmin SQL Dump
-- version 5.2.1
-- https://www.phpmyadmin.net/
--
-- Host: 127.0.0.1
-- Generation Time: Mar 01, 2026 at 07:19 PM
-- Server version: 10.4.32-MariaDB
-- PHP Version: 8.2.12

SET SQL_MODE = "NO_AUTO_VALUE_ON_ZERO";
START TRANSACTION;
SET time_zone = "+00:00";


/*!40101 SET @OLD_CHARACTER_SET_CLIENT=@@CHARACTER_SET_CLIENT */;
/*!40101 SET @OLD_CHARACTER_SET_RESULTS=@@CHARACTER_SET_RESULTS */;
/*!40101 SET @OLD_COLLATION_CONNECTION=@@COLLATION_CONNECTION */;
/*!40101 SET NAMES utf8mb4 */;

--
-- Database: `srms`
--

-- --------------------------------------------------------

--
-- Table structure for table `admin`
--

CREATE TABLE `admin` (
  `id` int(11) NOT NULL,
  `UserName` varchar(100) NOT NULL,
  `Password` varchar(100) NOT NULL,
  `updationDate` timestamp NOT NULL DEFAULT '0000-00-00 00:00:00' ON UPDATE current_timestamp()
) ENGINE=InnoDB DEFAULT CHARSET=latin1 COLLATE=latin1_swedish_ci;

--
-- Dumping data for table `admin`
--

INSERT INTO `admin` (`id`, `UserName`, `Password`, `updationDate`) VALUES
(1, 'admin', 'f925916e2754e5e03f75dd58a5733251', '2017-05-13 11:18:49');

-- --------------------------------------------------------

--
-- Table structure for table `tblclasses`
--

CREATE TABLE `tblclasses` (
  `id` int(11) NOT NULL,
  `ClassName` varchar(80) DEFAULT NULL,
  `CreationDate` timestamp NOT NULL DEFAULT current_timestamp(),
  `UpdationDate` timestamp NULL DEFAULT current_timestamp() ON UPDATE current_timestamp()
) ENGINE=InnoDB DEFAULT CHARSET=latin1 COLLATE=latin1_swedish_ci;

--
-- Dumping data for table `tblclasses`
--

INSERT INTO `tblclasses` (`id`, `ClassName`, `CreationDate`, `UpdationDate`) VALUES
(1, 'semester 1', '2026-02-27 14:14:22', '2026-02-27 14:14:22'),
(2, 'semester 2', '2026-02-27 14:14:26', '2026-02-27 14:14:26'),
(3, 'semester 3', '2026-02-27 14:14:31', '2026-02-27 14:14:31'),
(4, 'semester 4', '2026-02-27 14:14:35', '2026-02-27 14:14:35'),
(5, 'semester 5', '2026-02-27 14:14:40', '2026-02-27 14:14:40'),
(6, 'semester 6', '2026-02-27 14:15:00', '2026-02-27 14:15:00'),
(7, 'semester 7', '2026-02-27 14:15:10', '2026-02-27 14:15:10'),
(8, 'semester 8', '2026-02-27 14:15:18', '2026-02-27 14:15:18');

-- --------------------------------------------------------

--
-- Table structure for table `tblresult`
--

CREATE TABLE `tblresult` (
  `id` int(11) NOT NULL,
  `StudentId` int(11) DEFAULT NULL,
  `ClassId` int(11) DEFAULT NULL,
  `AcademicYear` varchar(20) NOT NULL,
  `Semester` varchar(20) NOT NULL,
  `ExamType` varchar(20) NOT NULL,
  `SubjectId` int(11) DEFAULT NULL,
  `marks` int(11) DEFAULT NULL,
  `PostingDate` timestamp NULL DEFAULT current_timestamp(),
  `UpdationDate` timestamp NULL DEFAULT NULL ON UPDATE current_timestamp()
) ENGINE=InnoDB DEFAULT CHARSET=latin1 COLLATE=latin1_swedish_ci;

--
-- Dumping data for table `tblresult`
--

INSERT INTO `tblresult` (`id`, `StudentId`, `ClassId`, `AcademicYear`, `Semester`, `ExamType`, `SubjectId`, `marks`, `PostingDate`, `UpdationDate`) VALUES
(35, 6, 1, '2025-2026', '1', 'Midterm', 2, 50, '2026-02-28 18:11:49', NULL),
(36, 6, 1, '2025-2026', '1', 'Midterm', 5, 70, '2026-02-28 18:11:49', '2026-02-28 18:42:09'),
(37, 6, 1, '2025-2026', '1', 'Midterm', 4, 60, '2026-02-28 18:11:49', NULL),
(38, 6, 1, '2025-2026', '1', 'Final', 2, 100, '2026-02-28 18:12:14', '2026-03-01 16:04:17'),
(39, 6, 1, '2025-2026', '1', 'Final', 5, 100, '2026-02-28 18:12:14', '2026-03-01 16:04:17'),
(40, 6, 1, '2025-2026', '1', 'Final', 4, 100, '2026-02-28 18:12:14', '2026-03-01 16:04:17'),
(41, 9, 2, '2026-2027', '2', 'Midterm', 5, 45, '2026-03-01 06:18:18', NULL),
(42, 9, 2, '2026-2027', '2', 'Midterm', 4, 55, '2026-03-01 06:18:18', NULL);

-- --------------------------------------------------------

--
-- Table structure for table `tblstudents`
--

CREATE TABLE `tblstudents` (
  `StudentId` int(11) NOT NULL,
  `StudentName` varchar(100) NOT NULL,
  `RollId` varchar(100) NOT NULL,
  `StudentEmail` varchar(100) NOT NULL,
  `Gender` varchar(10) NOT NULL,
  `DOB` varchar(100) NOT NULL,
  `ClassId` int(11) NOT NULL,
  `RegDate` timestamp NOT NULL DEFAULT current_timestamp(),
  `UpdationDate` timestamp NULL DEFAULT NULL ON UPDATE current_timestamp(),
  `Status` int(1) NOT NULL
) ENGINE=InnoDB DEFAULT CHARSET=latin1 COLLATE=latin1_swedish_ci;

--
-- Dumping data for table `tblstudents`
--

INSERT INTO `tblstudents` (`StudentId`, `StudentName`, `RollId`, `StudentEmail`, `Gender`, `DOB`, `ClassId`, `RegDate`, `UpdationDate`, `Status`) VALUES
(1, 'Christine', '321', 'hugh@codeprojects.com', 'Female', '1995-03-03', 1, '2017-06-12 10:30:57', '2026-02-28 06:50:45', 1),
(2, 'Code Projects', '10861', 'codeprojects@gmail.co', 'Male', '1995-02-02', 4, '2017-08-19 19:18:28', '2017-08-26 04:59:17', 0),
(3, 'aleep doe', '2626', 'aleep@gmail.com', 'Male', '2014-08-06', 6, '2017-08-28 18:45:31', '2017-08-28 18:46:02', 1),
(4, 'leepa moe', '990', 'leepa@gmail.com', 'Male', '2001-02-03', 7, '2017-08-28 18:54:58', '2017-08-28 18:55:20', 1),
(5, 'mark henry', '122', 'mhenry@gmail.com', 'Male', '2002-02-03', 8, '2017-08-28 19:23:53', '2017-08-28 19:24:15', 1),
(6, 'cabaas cali ceyrow', '1234', 'cabaascaliceerow@gmail.com', 'Male', '2026-02-27', 1, '2026-02-27 13:36:55', NULL, 1),
(7, 'xasan ', '4321', 'cabaascaliceerow@gmail.com', 'Male', '2026-02-27', 1, '2026-02-27 14:17:26', NULL, 1),
(8, 'yaxye', '1122', 'cabaascaliceerow@gmail.com', 'Male', '2026-02-28', 2, '2026-02-28 06:52:00', NULL, 1),
(9, 'YAASIR', '1111', 'cabaascaliceerow@gmail.com', 'Male', '2026-03-01', 2, '2026-03-01 06:17:39', NULL, 1);

-- --------------------------------------------------------

--
-- Table structure for table `tblsubjectcombination`
--

CREATE TABLE `tblsubjectcombination` (
  `id` int(11) NOT NULL,
  `ClassId` int(11) NOT NULL,
  `SubjectId` int(11) NOT NULL,
  `status` int(1) DEFAULT NULL,
  `CreationDate` timestamp NOT NULL DEFAULT current_timestamp(),
  `Updationdate` timestamp NOT NULL DEFAULT current_timestamp()
) ENGINE=InnoDB DEFAULT CHARSET=latin1 COLLATE=latin1_swedish_ci;

--
-- Dumping data for table `tblsubjectcombination`
--

INSERT INTO `tblsubjectcombination` (`id`, `ClassId`, `SubjectId`, `status`, `CreationDate`, `Updationdate`) VALUES
(3, 2, 5, 1, '2017-06-07 11:16:56', '2017-06-07 11:16:56'),
(4, 1, 2, 1, '2017-06-12 06:46:32', '2017-06-12 06:46:32'),
(5, 1, 4, 1, '2017-06-12 06:46:35', '2017-06-12 06:46:35'),
(6, 1, 5, 1, '2017-06-12 06:46:40', '2017-06-12 06:46:40'),
(8, 4, 4, 1, '2017-08-26 03:21:27', '2017-08-26 03:21:27'),
(10, 4, 1, 1, '2017-08-26 03:22:05', '2017-08-26 03:22:05'),
(12, 4, 2, 1, '2017-08-26 03:22:15', '2017-08-26 03:22:15'),
(13, 4, 5, 1, '2017-08-26 03:22:20', '2017-08-26 03:22:20'),
(14, 6, 1, 1, '2017-08-28 18:44:06', '2017-08-28 18:44:06'),
(15, 6, 2, 1, '2017-08-28 18:44:12', '2017-08-28 18:44:12'),
(16, 6, 4, 1, '2017-08-28 18:44:18', '2017-08-28 18:44:18'),
(17, 6, 6, 1, '2017-08-28 18:44:23', '2017-08-28 18:44:23'),
(18, 7, 1, 1, '2017-08-28 18:53:12', '2017-08-28 18:53:12'),
(19, 7, 7, 1, '2017-08-28 18:53:19', '2017-08-28 18:53:19'),
(20, 7, 2, 1, '2017-08-28 18:53:38', '2017-08-28 18:53:38'),
(21, 7, 6, 1, '2017-08-28 18:53:44', '2017-08-28 18:53:44'),
(22, 7, 5, 0, '2017-08-28 18:53:50', '2017-08-28 18:53:50'),
(23, 8, 1, 1, '2017-08-28 19:22:25', '2017-08-28 19:22:25'),
(24, 8, 2, 1, '2017-08-28 19:22:31', '2017-08-28 19:22:31'),
(25, 8, 4, 1, '2017-08-28 19:22:36', '2017-08-28 19:22:36'),
(26, 8, 6, 1, '2017-08-28 19:22:42', '2017-08-28 19:22:42'),
(27, 8, 5, 0, '2017-08-28 19:22:47', '2017-08-28 19:22:47'),
(28, 2, 4, 1, '2026-02-28 06:53:04', '2026-02-28 06:53:04');

-- --------------------------------------------------------

--
-- Table structure for table `tblsubjects`
--

CREATE TABLE `tblsubjects` (
  `id` int(11) NOT NULL,
  `SubjectName` varchar(100) NOT NULL,
  `SubjectCode` varchar(100) NOT NULL,
  `Creationdate` timestamp NOT NULL DEFAULT current_timestamp(),
  `UpdationDate` timestamp NOT NULL DEFAULT '0000-00-00 00:00:00' ON UPDATE current_timestamp()
) ENGINE=InnoDB DEFAULT CHARSET=latin1 COLLATE=latin1_swedish_ci;

--
-- Dumping data for table `tblsubjects`
--

INSERT INTO `tblsubjects` (`id`, `SubjectName`, `SubjectCode`, `Creationdate`, `UpdationDate`) VALUES
(1, 'Maths', 'MTH01', '2017-06-07 09:23:57', '2017-06-07 09:46:54'),
(2, 'English', 'ENG11', '2017-06-07 09:24:25', '0000-00-00 00:00:00'),
(4, 'Science', 'SC1', '2017-06-07 09:36:15', '0000-00-00 00:00:00'),
(5, 'Music', 'MS', '2017-06-07 09:36:23', '0000-00-00 00:00:00'),
(6, 'Social Studies', 'SS08', '2017-08-28 18:43:29', '2017-08-28 18:43:45'),
(7, 'Physics', 'PH03', '2017-08-28 18:52:41', '2017-08-28 18:52:55'),
(8, 'Chemistry', 'CH65', '2017-08-28 19:21:46', '2017-08-28 19:22:14');

--
-- Indexes for dumped tables
--

--
-- Indexes for table `admin`
--
ALTER TABLE `admin`
  ADD PRIMARY KEY (`id`);

--
-- Indexes for table `tblclasses`
--
ALTER TABLE `tblclasses`
  ADD PRIMARY KEY (`id`);

--
-- Indexes for table `tblresult`
--
ALTER TABLE `tblresult`
  ADD PRIMARY KEY (`id`);

--
-- Indexes for table `tblstudents`
--
ALTER TABLE `tblstudents`
  ADD PRIMARY KEY (`StudentId`);

--
-- Indexes for table `tblsubjectcombination`
--
ALTER TABLE `tblsubjectcombination`
  ADD PRIMARY KEY (`id`);

--
-- Indexes for table `tblsubjects`
--
ALTER TABLE `tblsubjects`
  ADD PRIMARY KEY (`id`);

--
-- AUTO_INCREMENT for dumped tables
--

--
-- AUTO_INCREMENT for table `admin`
--
ALTER TABLE `admin`
  MODIFY `id` int(11) NOT NULL AUTO_INCREMENT, AUTO_INCREMENT=2;

--
-- AUTO_INCREMENT for table `tblclasses`
--
ALTER TABLE `tblclasses`
  MODIFY `id` int(11) NOT NULL AUTO_INCREMENT, AUTO_INCREMENT=9;

--
-- AUTO_INCREMENT for table `tblresult`
--
ALTER TABLE `tblresult`
  MODIFY `id` int(11) NOT NULL AUTO_INCREMENT, AUTO_INCREMENT=43;

--
-- AUTO_INCREMENT for table `tblstudents`
--
ALTER TABLE `tblstudents`
  MODIFY `StudentId` int(11) NOT NULL AUTO_INCREMENT, AUTO_INCREMENT=10;

--
-- AUTO_INCREMENT for table `tblsubjectcombination`
--
ALTER TABLE `tblsubjectcombination`
  MODIFY `id` int(11) NOT NULL AUTO_INCREMENT, AUTO_INCREMENT=29;

--
-- AUTO_INCREMENT for table `tblsubjects`
--
ALTER TABLE `tblsubjects`
  MODIFY `id` int(11) NOT NULL AUTO_INCREMENT, AUTO_INCREMENT=9;
COMMIT;

/*!40101 SET CHARACTER_SET_CLIENT=@OLD_CHARACTER_SET_CLIENT */;
/*!40101 SET CHARACTER_SET_RESULTS=@OLD_CHARACTER_SET_RESULTS */;
/*!40101 SET COLLATION_CONNECTION=@OLD_COLLATION_CONNECTION */;
